{"priority":{"name":"High"},"description":"To verify if user is able to configure Selenium job with GIT and Junit sample code","project":{"key":"ECPBST"},"summary":"TC002_Run Selenium Tests JAVA_Configure Selenium Job with GIT and Junit sample code","assignee":{"name":"pkoth15"},"labels":["QA"],"issuetype":{"name":"Test"},"customfield_10100":"1)Jenkins kamino E1 Available\n2) GIT repository should be available\n3) Saucelabs service should be up and running","customfield_13500":{"value":"Functional"},"customfield_10004":10652}