{"priority":{"name":"High"},"description":"TC001_Verify WSM/Dir/SA is able to view and click on the tab Continuous Integration ans subtabs \" Pipeline as a code \" & \" Template based jobs \"","customfield_10100":"DTC Application should be up and Running","customfield_13500":{"value":"Functional"},"project":{"key":"ECPDPL"},"summary":"TC001_Verify WSM/Dir/SA is able to view and click on the tab Continuous Integration ans subtabs \" Pipeline as a code \" & \" Template based jobs \"","assignee":{"name":"pkoth15"},"labels":["QA"],"issuetype":{"name":"Test"}}